panel,record_type,continent,year,years_without_sufficient_observations,grid_percentage,temperature_anomaly,threshold_grid_percentage,first_year_meeting_threshold,units
a,continent_map,North and Central America,,105.0,,,30,,years
a,continent_map,South America,,124.0,,,30,,years
a,continent_map,Europe,,167.0,,,30,,years
a,continent_map,Africa,,107.0,,,30,,years
a,continent_map,Asia,,98.0,,,30,,years
a,continent_map,Australasia,,147.0,,,30,,years
a,continent_map,Antarctica,,0.0,,,30,,years
b,global_land_time_series,,1850,,13.71647509578544,nan,30,1885,percent and degC
b,global_land_time_series,,1851,,13.486590038314175,nan,30,1885,percent and degC
b,global_land_time_series,,1852,,13.793103448275861,nan,30,1885,percent and degC
b,global_land_time_series,,1853,,14.329501915708812,nan,30,1885,percent and degC
b,global_land_time_series,,1854,,17.547892720306514,nan,30,1885,percent and degC
b,global_land_time_series,,1855,,17.8544061302682,nan,30,1885,percent and degC
b,global_land_time_series,,1856,,20.153256704980844,nan,30,1885,percent and degC
b,global_land_time_series,,1857,,20.383141762452105,nan,30,1885,percent and degC
b,global_land_time_series,,1858,,18.084291187739463,nan,30,1885,percent and degC
b,global_land_time_series,,1859,,18.314176245210728,nan,30,1885,percent and degC
b,global_land_time_series,,1860,,15.862068965517242,nan,30,1885,percent and degC
b,global_land_time_series,,1861,,11.647509578544062,nan,30,1885,percent and degC
b,global_land_time_series,,1862,,12.337164750957855,nan,30,1885,percent and degC
b,global_land_time_series,,1863,,11.57088122605364,nan,30,1885,percent and degC
b,global_land_time_series,,1864,,10.651340996168582,nan,30,1885,percent and degC
b,global_land_time_series,,1865,,10.881226053639846,nan,30,1885,percent and degC
b,global_land_time_series,,1866,,11.340996168582375,nan,30,1885,percent and degC
b,global_land_time_series,,1867,,11.264367816091953,nan,30,1885,percent and degC
b,global_land_time_series,,1868,,12.950191570881225,nan,30,1885,percent and degC
b,global_land_time_series,,1869,,15.938697318007664,nan,30,1885,percent and degC
b,global_land_time_series,,1870,,16.32183908045977,nan,30,1885,percent and degC
b,global_land_time_series,,1871,,15.862068965517242,nan,30,1885,percent and degC
b,global_land_time_series,,1872,,18.46743295019157,nan,30,1885,percent and degC
b,global_land_time_series,,1873,,18.544061302681992,nan,30,1885,percent and degC
b,global_land_time_series,,1874,,19.54022988505747,nan,30,1885,percent and degC
b,global_land_time_series,,1875,,20.53639846743295,nan,30,1885,percent and degC
b,global_land_time_series,,1876,,20.076628352490424,nan,30,1885,percent and degC
b,global_land_time_series,,1877,,21.149425287356323,nan,30,1885,percent and degC
b,global_land_time_series,,1878,,21.60919540229885,nan,30,1885,percent and degC
b,global_land_time_series,,1879,,23.371647509578544,nan,30,1885,percent and degC
b,global_land_time_series,,1880,,24.367816091954023,nan,30,1885,percent and degC
b,global_land_time_series,,1881,,26.436781609195403,nan,30,1885,percent and degC
b,global_land_time_series,,1882,,26.97318007662835,nan,30,1885,percent and degC
b,global_land_time_series,,1883,,28.659003831417625,nan,30,1885,percent and degC
b,global_land_time_series,,1884,,29.57854406130268,nan,30,1885,percent and degC
b,global_land_time_series,,1885,,30.65134099616858,-0.5600770656550181,30,1885,percent and degC
b,global_land_time_series,,1886,,31.417624521072796,-0.41749215477843665,30,1885,percent and degC
b,global_land_time_series,,1887,,31.11111111111111,-0.4502336440289356,30,1885,percent and degC
b,global_land_time_series,,1888,,31.570881226053636,-0.4376572727892982,30,1885,percent and degC
b,global_land_time_series,,1889,,31.18773946360153,-0.20208018968311378,30,1885,percent and degC
b,global_land_time_series,,1890,,32.490421455938694,-0.3781664071583281,30,1885,percent and degC
b,global_land_time_series,,1891,,31.724137931034484,-0.4337092810157297,30,1885,percent and degC
b,global_land_time_series,,1892,,31.264367816091955,-0.5497959239708955,30,1885,percent and degC
b,global_land_time_series,,1893,,31.95402298850575,-0.5718637396992465,30,1885,percent and degC
b,global_land_time_series,,1894,,31.800766283524908,-0.3908553717084283,30,1885,percent and degC
b,global_land_time_series,,1895,,32.720306513409966,-0.45503248621094283,30,1885,percent and degC
b,global_land_time_series,,1896,,33.02681992337165,-0.29735142248028,30,1885,percent and degC
b,global_land_time_series,,1897,,33.793103448275865,-0.21141115186224924,30,1885,percent and degC
b,global_land_time_series,,1898,,33.946360153256705,-0.4131513445800662,30,1885,percent and degC
b,global_land_time_series,,1899,,35.09578544061303,-0.31382141364588373,30,1885,percent and degC
b,global_land_time_series,,1900,,34.02298850574713,-0.19229054058348405,30,1885,percent and degC
b,global_land_time_series,,1901,,36.24521072796935,-0.2353354327784221,30,1885,percent and degC
b,global_land_time_series,,1902,,38.77394636015325,-0.49439434840119095,30,1885,percent and degC
b,global_land_time_series,,1903,,39.157088122605366,-0.4767698010952447,30,1885,percent and degC
b,global_land_time_series,,1904,,39.616858237547895,-0.580682512366688,30,1885,percent and degC
b,global_land_time_series,,1905,,40.15325670498085,-0.44708551194202545,30,1885,percent and degC
b,global_land_time_series,,1906,,40.84291187739464,-0.2962897117566903,30,1885,percent and degC
b,global_land_time_series,,1907,,41.91570881226054,-0.6290126194046946,30,1885,percent and degC
b,global_land_time_series,,1908,,42.298850574712645,-0.5387003348934843,30,1885,percent and degC
b,global_land_time_series,,1909,,42.5287356321839,-0.46072672887726984,30,1885,percent and degC
b,global_land_time_series,,1910,,43.29501915708812,-0.45287860514805095,30,1885,percent and degC
b,global_land_time_series,,1911,,43.9080459770115,-0.5050168627275021,30,1885,percent and degC
b,global_land_time_series,,1912,,43.60153256704981,-0.5006127062180108,30,1885,percent and degC
b,global_land_time_series,,1913,,44.21455938697318,-0.43095868920240715,30,1885,percent and degC
b,global_land_time_series,,1914,,44.36781609195402,-0.19886179263271864,30,1885,percent and degC
b,global_land_time_series,,1915,,42.8352490421456,-0.13758792032295025,30,1885,percent and degC
b,global_land_time_series,,1916,,43.29501915708812,-0.41420948866500085,30,1885,percent and degC
b,global_land_time_series,,1917,,44.36781609195402,-0.5850563445799623,30,1885,percent and degC
b,global_land_time_series,,1918,,40.84291187739464,-0.451833464110533,30,1885,percent and degC
b,global_land_time_series,,1919,,40.91954022988506,-0.32856306574851646,30,1885,percent and degC
b,global_land_time_series,,1920,,41.0727969348659,-0.2742281174633117,30,1885,percent and degC
b,global_land_time_series,,1921,,43.14176245210728,-0.14103409403110367,30,1885,percent and degC
b,global_land_time_series,,1922,,44.90421455938697,-0.29135808429322885,30,1885,percent and degC
b,global_land_time_series,,1923,,46.053639846743295,-0.305129630451326,30,1885,percent and degC
b,global_land_time_series,,1924,,46.513409961685824,-0.3455624044662657,30,1885,percent and degC
b,global_land_time_series,,1925,,46.89655172413793,-0.2469784859540072,30,1885,percent and degC
b,global_land_time_series,,1926,,47.58620689655172,-0.10920970462425164,30,1885,percent and degC
b,global_land_time_series,,1927,,48.04597701149425,-0.25944921639489377,30,1885,percent and degC
b,global_land_time_series,,1928,,47.89272030651341,-0.19579335233361642,30,1885,percent and degC
b,global_land_time_series,,1929,,48.582375478927204,-0.504484579119594,30,1885,percent and degC
b,global_land_time_series,,1930,,49.34865900383142,-0.1672847972404829,30,1885,percent and degC
b,global_land_time_series,,1931,,50.114942528735625,-0.0973104466932047,30,1885,percent and degC
b,global_land_time_series,,1932,,50.421455938697314,-0.1515055642683794,30,1885,percent and degC
b,global_land_time_series,,1933,,51.64750957854406,-0.3598135391951833,30,1885,percent and degC
b,global_land_time_series,,1934,,51.8007662835249,-0.1068747360368351,30,1885,percent and degC
b,global_land_time_series,,1935,,52.26053639846743,-0.2233880308061217,30,1885,percent and degC
b,global_land_time_series,,1936,,53.71647509578544,-0.16746893063730714,30,1885,percent and degC
b,global_land_time_series,,1937,,54.09961685823754,-0.07651288950551076,30,1885,percent and degC
b,global_land_time_series,,1938,,54.78927203065134,0.08089816713714086,30,1885,percent and degC
b,global_land_time_series,,1939,,54.48275862068965,-0.040459722379598675,30,1885,percent and degC
b,global_land_time_series,,1940,,53.71647509578544,-0.07727539879727276,30,1885,percent and degC
b,global_land_time_series,,1941,,55.47892720306513,-0.0661418348030043,30,1885,percent and degC
b,global_land_time_series,,1942,,54.94252873563218,-0.044100119447323734,30,1885,percent and degC
b,global_land_time_series,,1943,,54.55938697318008,0.009771808658472013,30,1885,percent and degC
b,global_land_time_series,,1944,,55.32567049808429,0.0953287162289407,30,1885,percent and degC
b,global_land_time_series,,1945,,54.71264367816092,-0.08538786527300382,30,1885,percent and degC
b,global_land_time_series,,1946,,56.7816091954023,-0.10147681737737742,30,1885,percent and degC
b,global_land_time_series,,1947,,57.931034482758626,-0.0699942158208912,30,1885,percent and degC
b,global_land_time_series,,1948,,58.39080459770115,-0.04267752150325707,30,1885,percent and degC
b,global_land_time_series,,1949,,59.310344827586206,-0.1747903669077254,30,1885,percent and degC
b,global_land_time_series,,1950,,60.0,-0.3065246951512525,30,1885,percent and degC
b,global_land_time_series,,1951,,62.758620689655174,-0.11729338943354874,30,1885,percent and degC
b,global_land_time_series,,1952,,62.98850574712643,-0.07817086985591176,30,1885,percent and degC
b,global_land_time_series,,1953,,63.754789272030656,0.14170606662098942,30,1885,percent and degC
b,global_land_time_series,,1954,,64.06130268199234,-0.13594161057860726,30,1885,percent and degC
b,global_land_time_series,,1955,,64.59770114942529,-0.17176238815215034,30,1885,percent and degC
b,global_land_time_series,,1956,,64.67432950191571,-0.4035163136456256,30,1885,percent and degC
b,global_land_time_series,,1957,,66.28352490421456,-0.08640533858457465,30,1885,percent and degC
b,global_land_time_series,,1958,,66.74329501915709,0.03858178545109712,30,1885,percent and degC
b,global_land_time_series,,1959,,66.89655172413794,0.0010894173768709898,30,1885,percent and degC
b,global_land_time_series,,1960,,67.35632183908045,-0.06642720767533858,30,1885,percent and degC
b,global_land_time_series,,1961,,68.27586206896552,0.04805394383602008,30,1885,percent and degC
b,global_land_time_series,,1962,,68.12260536398468,0.049869953234178886,30,1885,percent and degC
b,global_land_time_series,,1963,,68.35249042145594,0.03466503810753608,30,1885,percent and degC
b,global_land_time_series,,1964,,68.27586206896552,-0.298602652568834,30,1885,percent and degC
b,global_land_time_series,,1965,,68.5823754789272,-0.23255109558336823,30,1885,percent and degC
b,global_land_time_series,,1966,,69.04214559386973,-0.13663067777823443,30,1885,percent and degC
b,global_land_time_series,,1967,,68.96551724137932,-0.10332968412507662,30,1885,percent and degC
b,global_land_time_series,,1968,,69.19540229885057,-0.2107284032631623,30,1885,percent and degC
b,global_land_time_series,,1969,,69.11877394636015,-0.13247000612816567,30,1885,percent and degC
b,global_land_time_series,,1970,,69.73180076628353,-0.058939858536917224,30,1885,percent and degC
b,global_land_time_series,,1971,,69.04214559386973,-0.17603790858816132,30,1885,percent and degC
b,global_land_time_series,,1972,,68.88888888888889,-0.2361523003191977,30,1885,percent and degC
b,global_land_time_series,,1973,,68.96551724137932,0.1675185635996575,30,1885,percent and degC
b,global_land_time_series,,1974,,69.11877394636015,-0.2532048159934144,30,1885,percent and degC
b,global_land_time_series,,1975,,69.19540229885057,-0.015307219812727058,30,1885,percent and degC
b,global_land_time_series,,1976,,69.19540229885057,-0.3350129330016931,30,1885,percent and degC
b,global_land_time_series,,1977,,69.04214559386973,0.06126976023466844,30,1885,percent and degC
b,global_land_time_series,,1978,,69.57854406130268,-0.03597117812975073,30,1885,percent and degC
b,global_land_time_series,,1979,,69.6551724137931,0.029194953438276626,30,1885,percent and degC
b,global_land_time_series,,1980,,69.73180076628353,0.13105086354424889,30,1885,percent and degC
b,global_land_time_series,,1981,,69.42528735632185,0.3134023630934173,30,1885,percent and degC
b,global_land_time_series,,1982,,68.73563218390805,-0.01098488110591047,30,1885,percent and degC
b,global_land_time_series,,1983,,68.81226053639847,0.32988356689273146,30,1885,percent and degC
b,global_land_time_series,,1984,,68.81226053639847,-0.051287677036808664,30,1885,percent and degC
b,global_land_time_series,,1985,,69.42528735632185,-0.015303956945524498,30,1885,percent and degC
b,global_land_time_series,,1986,,69.57854406130268,0.08805440416455583,30,1885,percent and degC
b,global_land_time_series,,1987,,68.96551724137932,0.23671129707054572,30,1885,percent and degC
b,global_land_time_series,,1988,,69.19540229885057,0.36966985212236764,30,1885,percent and degC
b,global_land_time_series,,1989,,68.88888888888889,0.24025583689961091,30,1885,percent and degC
b,global_land_time_series,,1990,,69.11877394636015,0.4660487871463262,30,1885,percent and degC
b,global_land_time_series,,1991,,68.12260536398468,0.338540994429708,30,1885,percent and degC
b,global_land_time_series,,1992,,67.66283524904215,0.10298676366230733,30,1885,percent and degC
b,global_land_time_series,,1993,,67.5095785440613,0.17289950260676612,30,1885,percent and degC
b,global_land_time_series,,1994,,67.5095785440613,0.3007942248071851,30,1885,percent and degC
b,global_land_time_series,,1995,,68.12260536398468,0.5491943225260665,30,1885,percent and degC
b,global_land_time_series,,1996,,67.27969348659005,0.218421741680145,30,1885,percent and degC
b,global_land_time_series,,1997,,67.1264367816092,0.47866366285864326,30,1885,percent and degC
b,global_land_time_series,,1998,,67.35632183908045,0.835825591858658,30,1885,percent and degC
b,global_land_time_series,,1999,,67.89272030651341,0.5671696793809159,30,1885,percent and degC
b,global_land_time_series,,2000,,67.43295019157088,0.47271671383589864,30,1885,percent and degC
b,global_land_time_series,,2001,,66.97318007662835,0.6542801838425149,30,1885,percent and degC
b,global_land_time_series,,2002,,67.43295019157088,0.7147080774981894,30,1885,percent and degC
b,global_land_time_series,,2003,,67.43295019157088,0.7231304378619237,30,1885,percent and degC
b,global_land_time_series,,2004,,67.20306513409962,0.5980440131122394,30,1885,percent and degC
b,global_land_time_series,,2005,,66.28352490421456,0.834565807135303,30,1885,percent and degC
b,global_land_time_series,,2006,,66.89655172413794,0.7441908670356729,30,1885,percent and degC
b,global_land_time_series,,2007,,67.20306513409962,0.8389344413362417,30,1885,percent and degC
b,global_land_time_series,,2008,,67.04980842911877,0.6552055920168202,30,1885,percent and degC
b,global_land_time_series,,2009,,66.8199233716475,0.6980416761025566,30,1885,percent and degC
b,global_land_time_series,,2010,,66.8199233716475,0.9206114167315071,30,1885,percent and degC
b,global_land_time_series,,2011,,65.74712643678161,0.6865536278980058,30,1885,percent and degC
b,global_land_time_series,,2012,,65.90038314176245,0.749320779008191,30,1885,percent and degC
b,global_land_time_series,,2013,,65.67049808429118,0.8066463774434908,30,1885,percent and degC
b,global_land_time_series,,2014,,65.51724137931035,0.8374128924701101,30,1885,percent and degC
b,global_land_time_series,,2015,,65.13409961685824,1.113801628327266,30,1885,percent and degC
b,global_land_time_series,,2016,,65.28735632183908,1.2550000632015885,30,1885,percent and degC
b,global_land_time_series,,2017,,64.21455938697318,1.0994146742584618,30,1885,percent and degC
b,global_land_time_series,,2018,,63.601532567049816,0.8963235236336242,30,1885,percent and degC
b,global_land_time_series,,2019,,62.758620689655174,1.0707788871097423,30,1885,percent and degC
b,global_land_time_series,,2020,,61.99233716475096,1.2255196718270227,30,1885,percent and degC
b,global_land_time_series,,2021,,62.52873563218391,1.0209439649582508,30,1885,percent and degC
b,global_land_time_series,,2022,,62.45210727969349,1.0308909889111904,30,1885,percent and degC
b,global_land_time_series,,2023,,60.996168582375475,1.3763013715868635,30,1885,percent and degC
b,global_land_time_series,,2024,,57.547892720306514,1.4774005555416552,30,1885,percent and degC
